{"iteration": 759, "globalBest": 6.8075000000000045, " mean": 4.806091269841275, "_timestamp": 1662139870.182005, "_runtime": 33574.16851782799, "_step": 758}