{"iteration": 56, "globalBest": 6.200000000000003, "_timestamp": 1660661388.8180068, "_runtime": 4156.626121759415, "_step": 55}