{"iteration": 388, "globalBest": 8.57142857142857, " mean": 2.080687830687836, "_timestamp": 1660830048.5147903, "_runtime": 16855.034762382507, "_step": 387}