{"iteration": 2, "globalBest": 8.57142857142857, " mean": 1.6555555555555515, "_timestamp": 1660830189.7758245, "_runtime": 76.34488153457642, "_step": 1}