{"iteration": 95, "globalBest": 4.025000000000006, "_timestamp": 1659984957.192452, "_runtime": 2015.9858388900757, "_step": 94}