{"iteration": 1, "globalBest": 2.714285714285708, " mean": 0.8320105820105681, "_timestamp": 1660808350.6179233, "_runtime": 42.35142731666565, "_step": 0}