{"iteration": 18, "globalBest": 3.2166666666666686, "_timestamp": 1659986264.1467319, "_runtime": 379.79912090301514, "_step": 17}