{"iteration": 1, "globalBest": 2.714285714285708, " mean": 0.7470105820105744, "_timestamp": 1660808277.237024, "_runtime": 66.03659915924072, "_step": 0}