{"iteration": 344, "globalBest": 8.02666666666667, " mean": 4.863245149911819, "_timestamp": 1662209663.7677658, "_runtime": 15260.226447820663, "_step": 343}