{"iteration": 128, "globalBest": 5.8023809523809575, " mean": 2.4684304782519177, "_timestamp": 1660898389.8589582, "_runtime": 5881.372714281082, "_step": 127, "_wandb": {"runtime": 5880}}