{"iteration": 3, "globalBest": 5.8023809523809575, " mean": 2.608913110698822, "_timestamp": 1660898579.7042637, "_runtime": 145.5714147090912, "_step": 2}