{"iteration": 1, "globalBest": 5.8023809523809575, " mean": 2.485208343244068, "_timestamp": 1660899630.599248, "_runtime": 50.591001987457275, "_step": 0}