{"iteration": 2061, "globalBest": 21.0, " mean": 4.032698412698409, "_timestamp": 1660782836.856522, "_runtime": 65525.73640704155, "_step": 2060}