{"iteration": 9, "globalBest": 3.566666666666663, "_timestamp": 1659981249.2158415, "_runtime": 184.7249894142151, "_step": 8}