{"iteration": 83, "globalBest": 6.11333333333333, "_timestamp": 1659982676.1899645, "_runtime": 1611.6991124153137, "_step": 82}