{"iteration": 8, "globalBest": 3.183333333333337, "_timestamp": 1659981229.198644, "_runtime": 164.70779180526733, "_step": 7}