{"iteration": 26, "globalBest": 3.615952380952379, " mean": 1.2980335097001898, "_timestamp": 1662106158.5537646, "_runtime": 1150.639628648758, "_step": 25}