{"iteration": 95, "globalBest": 8.333333333333329, " mean": 2.463888888888903, "_timestamp": 1660834323.7259996, "_runtime": 4105.506580591202, "_step": 94}