{"iteration": 235, "globalBest": 8.0, " mean": 2.0107526881720332, "_timestamp": 1660846842.870573, "_runtime": 11714.001804113388, "_step": 234}