{"iteration": 218, "globalBest": 9.25, " mean": 2.4361904761904754, "_timestamp": 1660677343.077291, "_runtime": 6644.768587112427, "_step": 217}