{"iteration": 109, "globalBest": 8.0, " mean": 3.647892607335322, "_timestamp": 1660813131.8478866, "_runtime": 4701.924416542053, "_step": 108}