{"iteration": 1, "globalBest": 5.0, " mean": 0.7166666666666686, "_timestamp": 1660834560.53784, "_runtime": 43.16556477546692, "_step": 0}