{"iteration": 8, "globalBest": 6.666666666666671, " mean": 0.8010752688172005, "_timestamp": 1660835052.9269447, "_runtime": 375.4828767776489, "_step": 7}